data,produto,titulo,preco,link
25/02/2026 16:52,PS5,Console Sony Playstation 5 Cor Branco Slim Digital Edition Bundle 2 Jogos: Astro Bot + Gran Turismo 7,3850,https://www.mercadolivre.com.br/console-sony-playstation-5-cor-branco-slim-digital-edition-bundle-2-jogos-astro-bot-gran-turismo-7/p/MLB53046447#polycard_client=search-desktop&search_layout=grid&position=12&type=product&tracking_id=704f93e0-1ce1-4095-9f64-a3b615238e39&wid=MLB5550981806&sid=search
25/02/2026 16:52,PS5,Console Playstation 5 Slim Edição 1tb Sony Ps5 Digital Cor Branco Com 5 Jogos,3790,https://produto.mercadolivre.com.br/MLB-5857577154-console-playstation-5-slim-edico-1tb-sony-ps5-digital-cor-branco-com-5-jogos-_JM?searchVariation=192303767615#polycard_client=search-desktop&searchVariation=192303767615&search_layout=grid&position=35&type=item&tracking_id=704f93e0-1ce1-4095-9f64-a3b615238e39
25/02/2026 16:52,PS5,Sony Playstation 5 Mídia Física 825gb - Peça De Mostruário Com Garantia De 12 Meses Pela Sony + Um Jogo De Brinde !!!! Branco E Preto (Recondicionado),3650,https://www.mercadolivre.com.br/sony-playstation-5-midia-fisica--825gb--peca-de-mostruario-com-garantia-de-12-meses-pela-sony--um--jogo-de-brinde-/up/MLBU2520537083#polycard_client=search-desktop&search_layout=grid&position=22&type=product&tracking_id=704f93e0-1ce1-4095-9f64-a3b615238e39&wid=MLB3273015235&sid=search
25/02/2026 16:52,RTX 4060,Placa De Vídeo Zotac Geforce Twin Edge Rtx 4060 8gb Gddr6,3999,https://www.mercadolivre.com.br/placa-de-video-zotac-geforce-twin-edge-rtx-4060-8gb-gddr6/p/MLB40827289#polycard_client=search-desktop&search_layout=grid&position=36&type=product&tracking_id=1f85c4ed-2300-4e06-83eb-3bd9b465d4c0&wid=MLB5422712316&sid=search
25/02/2026 16:52,RTX 4060,Placa de Vídeo INNO3D RTX 4060 Ti Twin X2 8GB GDDR6 Ray Tracing DLSS 3 8K,3890,https://www.mercadolivre.com.br/placa-de-video-inno3d-rtx-4060-ti-twin-x2-8gb-gddr6-ray-tracing-dlss-3-8k/p/MLB39166389#polycard_client=search-desktop&search_layout=grid&position=15&type=product&tracking_id=1f85c4ed-2300-4e06-83eb-3bd9b465d4c0&wid=MLB4264164009&sid=search
25/02/2026 16:52,RTX 4060,Placa De Vídeo Inno3d Nvidia Geforce Rtx 4060 Ti 8gb Gddr6,3766,https://www.mercadolivre.com.br/placa-de-video-inno3d-nvidia-geforce-rtx-4060-ti-8gb-gddr6/p/MLB2065599986#polycard_client=search-desktop&search_layout=grid&position=3&type=product&tracking_id=1f85c4ed-2300-4e06-83eb-3bd9b465d4c0&wid=MLB6218745472&sid=search
25/02/2026 16:52,SSD 1TB,SSD Macrovip 1TB SATA 3 Preto 2.5 Interno para PC e Servidor,769,https://www.mercadolivre.com.br/ssd-macrovip-1tb-sata-3-preto-25-interno-para-pc-e-servidor/p/MLB39939014#polycard_client=search-desktop&search_layout=grid&position=58&type=product&tracking_id=42bfd8a7-5520-4295-ac9e-7b382ff87af7&wid=MLB3832716617&sid=search
25/02/2026 16:52,SSD 1TB,Ssd Goldenfir T800 1tb Disco Sólido Interno 1tb Hd Notebook Pc Cor Preto,805,https://www.mercadolivre.com.br/ssd-goldenfir-t800-1tb-disco-solido-interno-1tb-hd-notebook-pc-cor-preto/p/MLB50853225#polycard_client=search-desktop&search_layout=grid&position=11&type=product&tracking_id=42bfd8a7-5520-4295-ac9e-7b382ff87af7&wid=MLB5414616372&sid=search
25/02/2026 16:52,SSD 1TB,"Ssd 1tb Sata Iii 2,5 Pol. Crucial Bx500 Ct1000bx500ssd1 Velocidade De Leitura Até 540mb/s Disco Sólido Interno",830,https://www.mercadolivre.com.br/ssd-1tb-sata-iii-25-pol-crucial-bx500-ct1000bx500ssd1-velocidade-de-leitura-ate-540mbs-disco-solido-interno/p/MLB45902515#polycard_client=search-desktop&search_layout=grid&position=30&type=product&tracking_id=42bfd8a7-5520-4295-ac9e-7b382ff87af7&wid=MLB5318993288&sid=search
25/02/2026 16:52,óculos natação,Óculos Natação Uv Profissional Feminino/masculino Cor Rosa Choque Prateado,62,https://click1.mercadolivre.com.br/mclics/clicks/external/MLB/count?a=yxlizvRRjOFLIqzQGbt1xEAb9DJPpwtHI0UBXtQI2VZKVFi4pEhoc%2BTHYGrUQAgA3B2MlQnFwq1KR2D%2BzsLYEcVfXo6q1yH3t7h65uMjewxc%2FdBDQCC%2Fl325vnn5g2J2UhbL0Msnk%2BD4c9XtxTO1eAvblg1xzGALxxurBpuThXJZlHtt3ta53rt%2BP8NYqqORVjxwnrh2hjun0ZUJRFqK8ss4Jg7QqAMxfbfdaMQ4as1%2F3ar6S4UqR9X%2B8YYKq5nws8WNoNLiZuCOL82XjbFYBbioaL3PzRe36QSE8gJBdTXJEK%2FKU4K%2F0vaRmumeIwqaeUA%2Fj5Qeu7pW7CiTh4kwj66HLAC7ZwHoF36ewiKml%2BhbHizDhr1j3Ct%2FTIjICREPb64j8pQeXHoyOxWBR6EL89BGNLgoI%2FHDM6t64d3ztu1Lg%2B%2FBsln%2BEe24KcpT%2FfYdYJtB03odmbqhy6Inzy2gI7Ez3HpQ%2Fz8Ch3%2B7bo1pErFp2lbSlLcdG%2BM0JSuywr8jrQRBngReZuNWTkr%2BDmN2BBnKWK6YFqUOGPqt2eLRT2SVCttfUpSqLR395AgY8WKr7EUah7i9wGggQLaJ756UhCtAGsASIBXsSN4q66nOTj4XRbeJsLZimQj2Dp15vCZOBY0FAX%2FMwqcdPiKBu4nkeRQNHh23qiYMdJR87jupRcXeFhcKikxeBjyGQh8ejSNXJnErvOovYyBn7GTj6H58g%2FLG2SMVo7su58eAj3WUIPzTzBx%2B6eQkcTDtAvo3F9EESPV5INaqMMhQcb3%2F%2BOTEOLCrO76kKLvpvX3CYycOcPqgNvI4UWWaENaW46leBB41aIe1Im00Kn4bQNX5DZAmMDGL06Dzu33MqfsjHEMy3RFOBQAvK%2BI19qHHvhwUNDi2CnxxQQdDqvOSR3P9M1MXvxDJ0VLbkNVZD8SE8ujP2ERZsG7rZ%2FED5U2HoAHO9DN1Ot6I7vhDOK5Ndf%2FWqNMTjXGB#polycard_client=search-desktop&is_advertising=true&searchVariation=MLB63000161&backend_model=search-backend&search_layout=grid&position=26&type=pad&tracking_id=5f6b40b0-90cb-40db-b81b-3d1adf511042&wid=MLB6028779530&sid=search
25/02/2026 16:52,óculos natação,Óculos Natação Uv Profissional Feminino/masculino Cor Rosa Prateada,62,https://click1.mercadolivre.com.br/mclics/clicks/external/MLB/count?a=aCfvDrgnDkS%2FP6efa%2FziSf%2BEhIG07p3HiUamq8Mf3DitkKk2Nlmm1piTSn83ycGeGidbiNTfBEXzQA9fWDINTOude9kZ6q8odrRl84jqO4IrrBD7xvJwSOooGgPgq6n0B433UC0tyiv77d77A1wQz2G%2FlrJSJaOQchbrJD71266W%2F1AYJyiRdDFXrMskN2CU9OBPJeg0Hft0hsSIQ%2BRbuHid5cHMVmNqHS1cuL3PLhjo%2BEkbtpr2EIWqthmVbj1vyAmpiE5jjts1Rp6jlCd%2Botfgc5Kdke0rYRNiP7SlcZbuXovdjwv0dsOjp8g9kgmp0PmmPFOYNhi9w4tpvh%2BPGCtVSl9DY5aTiRnk6dBjZqpTpYJZPatBjeQ7Fpr6Zkjh3E9UV%2B%2B2yWtzHhsKK3842cO475IZNLEVK8WFPEGH9Yy3Ctf%2FOeXhMY99w%2F8VW5573bTm9dh5vvonnHaRd0kQ1xsYoB2SiVJJrvsGa5NU0ErPCfmrEamBj8mPzFgp7C82a21jcBzHppanAV1JMx%2B8YleQu5Oh3EmGRoRl4Wk3NKH0245qXg46z0kOGhfPnIHYTV%2BnzSuuVknDnQZdHitG0kga%2B%2FmHpvjYFiAPJ0XSCYugt9I6gl3u0vjSwEuVQAob9uRi62f2CqEIEtMM6QIkcCen5AlOb2eJu%2FDjFvuHc9waWr39BOAatx44cyjKXcs7vELSrvcT5soa4zTZkn1lcfoIav0ViQk%2BCuKsIBR8QPd7zLyzVIVxIh%2BOUXYj%2BkRAShSgzDCPfmy%2FTCFH3ykhuPc0qGIxujUoUpPByTkGwR9FlwbEaRLzWc%2FK7wD2ai1WlTifuH%2F5sRJPM8utsiMhVBruEzsTdDMVH42uLdlG%2BfSvLXVMSk2dZE%2FrU%2BP3g7CRM2vhgCmQqXqrG9HBFdEYA57KvFQmpuVl4VEoMI9r%2FUA4OXVLwksxAUE2NfkMOvJkkEPBXsegWdc%3D#polycard_client=search-desktop&is_advertising=true&searchVariation=MLB63169086&backend_model=search-backend&search_layout=grid&position=27&type=pad&tracking_id=5f6b40b0-90cb-40db-b81b-3d1adf511042&wid=MLB4365173781&sid=search
25/02/2026 16:52,óculos natação,Óculos Natação Uv Profissional Feminino/masculino Cor Preto/prateado,62,https://www.mercadolivre.com.br/oculos-nataco-uv-profissional-femininomasculino-cor-pretoprateado/p/MLB62850350#polycard_client=search-desktop&search_layout=grid&position=60&type=product&tracking_id=5f6b40b0-90cb-40db-b81b-3d1adf511042&wid=MLB6008917754&sid=search
27/02/2026 09:37,PS5,Sony PlayStation 5 Slim CFI-2015B 1TB Digital cor branco 2023,3799,https://www.mercadolivre.com.br/sony-playstation-5-slim-cfi-2015b-1tb-digital-cor-branco-2023/p/MLB29034307#polycard_client=search-desktop&search_layout=grid&position=4&type=product&tracking_id=fc88c9eb-81f7-4c2e-b0bb-d922b098e3ab&wid=MLB4480587493&sid=search
27/02/2026 09:37,PS5,Console Mídia Física Com God Of War Ragnarok Playstation 5 Cor Branco (Novo com caixa aberta),3790,https://www.mercadolivre.com.br/console-midia-fisica-com-god-of-war-ragnarok-playstation-5-cor-branco-novo-com-caixa-aberta/p/MLB2022623443#polycard_client=search-desktop&search_layout=grid&position=9&type=product&tracking_id=fc88c9eb-81f7-4c2e-b0bb-d922b098e3ab&wid=MLB6298243402&sid=search
27/02/2026 09:37,PS5,Console Playstation 5 Slim Edição 1tb Sony Ps5 Digital Cor Branco Com 5 Jogos,3790,https://produto.mercadolivre.com.br/MLB-5857577154-console-playstation-5-slim-edico-1tb-sony-ps5-digital-cor-branco-com-5-jogos-_JM?searchVariation=192303767615#polycard_client=search-desktop&searchVariation=192303767615&search_layout=grid&position=33&type=item&tracking_id=fc88c9eb-81f7-4c2e-b0bb-d922b098e3ab
27/02/2026 09:37,RTX 4060,Placa De Vídeo Zotac Geforce Twin Edge Rtx 4060 8gb Gddr6,3999,https://www.mercadolivre.com.br/placa-de-video-zotac-geforce-twin-edge-rtx-4060-8gb-gddr6/p/MLB40827289#polycard_client=search-desktop&search_layout=grid&position=35&type=product&tracking_id=451cc6b5-a33b-4774-9fba-a89b6bf5da66&wid=MLB5422712316&sid=search
27/02/2026 09:37,RTX 4060,Placa De Vídeo Inno3d Nvidia Geforce Rtx 4060 Ti 8gb Gddr6,3766,https://www.mercadolivre.com.br/placa-de-video-inno3d-nvidia-geforce-rtx-4060-ti-8gb-gddr6/p/MLB2065599986#polycard_client=search-desktop&search_layout=grid&position=3&type=product&tracking_id=451cc6b5-a33b-4774-9fba-a89b6bf5da66&wid=MLB6218745472&sid=search
27/02/2026 09:37,RTX 4060,Placa de vídeo Msi Rtx 4060 Ti Ventus 3x 8gb Gddr6,3699,https://www.mercadolivre.com.br/placa-de-video-msi-rtx-4060-ti-ventus-3x-8gb-gddr6/p/MLB28489150#polycard_client=search-desktop&search_layout=grid&position=16&type=product&tracking_id=451cc6b5-a33b-4774-9fba-a89b6bf5da66&wid=MLB5732859372&sid=search
27/02/2026 09:37,SSD 1TB,SSD Macrovip 1TB SATA 3 Preto 2.5 Interno para PC e Servidor,769,https://www.mercadolivre.com.br/ssd-macrovip-1tb-sata-3-preto-25-interno-para-pc-e-servidor/p/MLB39939014#polycard_client=search-desktop&search_layout=grid&position=38&type=product&tracking_id=c53e5053-ae94-4a74-9e90-9a7ad1d9f03b&wid=MLB5068076636&sid=search
27/02/2026 09:37,SSD 1TB,HD SSD 1TB Interno SATA III Goldenfir para PC e Notebook,799,https://www.mercadolivre.com.br/hd-ssd-1tb-interno-sata-iii-goldenfir-para-pc-e-notebook/p/MLB26794749#polycard_client=search-desktop&search_layout=grid&position=53&type=product&tracking_id=c53e5053-ae94-4a74-9e90-9a7ad1d9f03b&wid=MLB5831935220&sid=search
27/02/2026 09:37,SSD 1TB,SSD M.2 2280 Hawking 1TB Leitura 510MB/s Escrita 480MB/s Interno,799,https://www.mercadolivre.com.br/ssd-m2-2280-hawking-1tb-leitura-510mbs-escrita-480mbs-interno/p/MLB34784593#polycard_client=search-desktop&search_layout=grid&position=55&type=product&tracking_id=c53e5053-ae94-4a74-9e90-9a7ad1d9f03b&wid=MLB6130831290&sid=search
27/02/2026 09:37,óculos natação,Óculos Natação Uv Profissional Feminino/masculino Cor Rosa Prateada,62,https://www.mercadolivre.com.br/oculos-nataco-uv-profissional-femininomasculino-cor-rosa-prateada/p/MLB63169086#polycard_client=search-desktop&search_layout=grid&position=47&type=product&tracking_id=bd747c56-0c12-482a-9820-cae9bcf6f4aa&wid=MLB4365173781&sid=search
27/02/2026 09:37,óculos natação,Óculos Natação Uv Profissional Feminino/masculino Cor Preto/prateado,62,https://www.mercadolivre.com.br/oculos-nataco-uv-profissional-femininomasculino-cor-pretoprateado/p/MLB62850350#polycard_client=search-desktop&search_layout=grid&position=60&type=product&tracking_id=bd747c56-0c12-482a-9820-cae9bcf6f4aa&wid=MLB6008917754&sid=search
27/02/2026 09:37,óculos natação,Óculos Natação Adulto Masculino Feminino Piscina Mergulho,59,https://click1.mercadolivre.com.br/mclics/clicks/external/MLB/count?a=gji3%2FTn0KM4ARH%2Fkomr0w7qp7tqqo2icGFTdTrn%2B8CbYaJGICAQ6%2F1NCsUdnYws5xH6QxcqZg3fgx6br6L1p88LWe9qOIiXvQOxZTMJVRwh30uSaPVSv6kGGOIjDP3IM%2F1BxqpM%2F950usT85F62SWdy4sqR4JWmLAmmzu1IoNJX%2Fg%2FTZMNlXOFCsBzZ2SUYf8Rx6rMpm63NoYzaZjQhs3ck8t6U4UgO2U4Cjxs8tLbumtyLQ1tVpHGW8dFCpAjFSkbFwNj3EAy3ILLBpQqBjNlFTb2oY10nJqXhYBhjy9BOb%2BJ57R7eOIiRYKBqCw%2BdYb2WmUhmzGl6Y76%2B8RPv4sPXVlmQl97OpmQBajg4uUPiRmLD8e6JQqf%2FvXzkDVXopmX4N31TYtVflek1Kskjy2ojsjlv4FikHUwCA7sg2s1srSws7d2ebqdcMBpq5XIbCiC7Abz%2F5es%2BaiXmTnQ8vG6%2FajhiEWqwNROU91sHoZXxTJJCkfIi4vSziQvVY7ZZx3Hi6tXayDoiQ%2F0S28AYDUrdyTUsOSYacJbF%2FOnl1RhzgCcq1UKQdrdNMG9PM8PrAt9EYmxtAmXTdSN%2Fvm725TdCEFINNmn04ATCkcimjqI8rnUvGlaholcTISaYZ4YneKlcmibkGr7H3cEoLdUAbeNF6dM32yzGJ8my%2FwjXlY8CLrl5fRhChLPusfFIQ3gX63azejcOxsLCem0rPxzH8vQzvT7iZbkl8qMm8wTUrlC9EAJIccSNUI9RVOzUxYJISRI8%2F%2BiMUd0pMmnV%2BThKqi%2BRug1W28qAKMibgUFocyi%2Bfc2447bsDbpjUqI7mkR%2FNul%2FfS9DxWnis09VUcCp1yD4oESUMGNA3rqgLiiotyIO%2F1154Sxk32e3WQ9JrIBwvr3fZ2YBeOovo7HFmqhDSLqsDMyoO1z9jXPgqhZvETuFCWh8ERGcg%2BWztMgIBPI2vVQ%3D%3D&searchVariation=187796089157#polycard_client=search-desktop&is_advertising=true&searchVariation=187796089157&backend_model=search-backend&search_layout=grid&position=14&type=pad&tracking_id=bd747c56-0c12-482a-9820-cae9bcf6f4aa
27/02/2026 10:10,PS5,Sony PlayStation 5 Slim CFI-2015B 1TB Digital cor branco 2023,3799,https://www.mercadolivre.com.br/sony-playstation-5-slim-cfi-2015b-1tb-digital-cor-branco-2023/p/MLB29034307#polycard_client=search-desktop&search_layout=grid&position=6&type=product&tracking_id=d84ebcb8-a005-402f-a604-08443a3e14f5&wid=MLB4480587493&sid=search
27/02/2026 10:10,PS5,Console Mídia Física Com God Of War Ragnarok Playstation 5 Cor Branco (Novo com caixa aberta),3790,https://www.mercadolivre.com.br/console-midia-fisica-com-god-of-war-ragnarok-playstation-5-cor-branco-novo-com-caixa-aberta/p/MLB2022623443#polycard_client=search-desktop&search_layout=grid&position=11&type=product&tracking_id=d84ebcb8-a005-402f-a604-08443a3e14f5&wid=MLB6298243402&sid=search
27/02/2026 10:10,PS5,Console Playstation 5 Slim Edição 1tb Sony Ps5 Digital Cor Branco Com 5 Jogos,3790,https://produto.mercadolivre.com.br/MLB-5857577154-console-playstation-5-slim-edico-1tb-sony-ps5-digital-cor-branco-com-5-jogos-_JM?searchVariation=192303767615#polycard_client=search-desktop&searchVariation=192303767615&search_layout=grid&position=33&type=item&tracking_id=d84ebcb8-a005-402f-a604-08443a3e14f5
27/02/2026 10:10,RTX 4060,Placa De Vídeo Zotac Geforce Twin Edge Rtx 4060 8gb Gddr6,3999,https://www.mercadolivre.com.br/placa-de-video-zotac-geforce-twin-edge-rtx-4060-8gb-gddr6/p/MLB40827289#polycard_client=search-desktop&search_layout=grid&position=35&type=product&tracking_id=eab89c3a-f985-4ca8-8e63-2a7b1bfaae37&wid=MLB5422712316&sid=search
27/02/2026 10:10,RTX 4060,Placa De Vídeo Inno3d Nvidia Geforce Rtx 4060 Ti 8gb Gddr6,3766,https://www.mercadolivre.com.br/placa-de-video-inno3d-nvidia-geforce-rtx-4060-ti-8gb-gddr6/p/MLB2065599986#polycard_client=search-desktop&search_layout=grid&position=3&type=product&tracking_id=eab89c3a-f985-4ca8-8e63-2a7b1bfaae37&wid=MLB6218745472&sid=search
27/02/2026 10:10,RTX 4060,Placa de vídeo Msi Rtx 4060 Ti Ventus 3x 8gb Gddr6,3699,https://www.mercadolivre.com.br/placa-de-video-msi-rtx-4060-ti-ventus-3x-8gb-gddr6/p/MLB28489150#polycard_client=search-desktop&search_layout=grid&position=16&type=product&tracking_id=eab89c3a-f985-4ca8-8e63-2a7b1bfaae37&wid=MLB5732859372&sid=search
27/02/2026 10:10,SSD 1TB,SSD Macrovip 1TB SATA 3 Preto 2.5 Interno para PC e Servidor,769,https://www.mercadolivre.com.br/ssd-macrovip-1tb-sata-3-preto-25-interno-para-pc-e-servidor/p/MLB39939014#polycard_client=search-desktop&search_layout=grid&position=38&type=product&tracking_id=ff0b10b1-8a01-46d0-86d1-a8470b541558&wid=MLB5068076636&sid=search
27/02/2026 10:10,SSD 1TB,HD SSD 1TB Interno SATA III Goldenfir para PC e Notebook,799,https://www.mercadolivre.com.br/hd-ssd-1tb-interno-sata-iii-goldenfir-para-pc-e-notebook/p/MLB26794749#polycard_client=search-desktop&search_layout=grid&position=53&type=product&tracking_id=ff0b10b1-8a01-46d0-86d1-a8470b541558&wid=MLB5831935220&sid=search
27/02/2026 10:10,SSD 1TB,SSD M.2 2280 Hawking 1TB Leitura 510MB/s Escrita 480MB/s Interno,799,https://www.mercadolivre.com.br/ssd-m2-2280-hawking-1tb-leitura-510mbs-escrita-480mbs-interno/p/MLB34784593#polycard_client=search-desktop&search_layout=grid&position=55&type=product&tracking_id=ff0b10b1-8a01-46d0-86d1-a8470b541558&wid=MLB4402966379&sid=search
27/02/2026 10:10,óculos natação,Óculos Natação Uv Profissional Feminino/masculino Cor Rosa Prateada,62,https://www.mercadolivre.com.br/oculos-nataco-uv-profissional-femininomasculino-cor-rosa-prateada/p/MLB63169086#polycard_client=search-desktop&search_layout=grid&position=47&type=product&tracking_id=5195f533-3214-4162-a369-876fd1d21cd7&wid=MLB4365173781&sid=search
27/02/2026 10:10,óculos natação,Óculos Natação Uv Profissional Feminino/masculino Cor Preto/prateado,62,https://www.mercadolivre.com.br/oculos-nataco-uv-profissional-femininomasculino-cor-pretoprateado/p/MLB62850350#polycard_client=search-desktop&search_layout=grid&position=60&type=product&tracking_id=5195f533-3214-4162-a369-876fd1d21cd7&wid=MLB6008917754&sid=search
27/02/2026 10:10,óculos natação,Óculos Natação Adulto Masculino Feminino Piscina Mergulho,59,https://click1.mercadolivre.com.br/mclics/clicks/external/MLB/count?a=LpOx312eUvoPi52G0QZWws5qsDTu9OgeYX7qxaeXRBTqrVGrqkrcXyOLakcPDVbPr6KsCpYKZ2OOR1k%2BJ0zWK5WBVcXF9B2oMewz1deJ5HyLWFyZcEa%2FhxUDpuDcbS07bW0VplWjoHdb5a0cExBrm2%2BF7vz8RGDcRppvcu%2FNyu2oHStgPaAPAsW%2BRsj%2FA3paeFyBJBW8NlVfj0BhEgPkaPuQKmXFKL6P9dwLrNxjiLGQ%2FIa%2Fbj7wGLJKW4uzirpmMzQcKb%2BhU5RgRO9fk8qFg%2BNH3srtk0RE6GRzOIfi6jGei5KOABZZEMhM0DCi7BVgURPjH2JX%2Bakmhw%2BwipV5Ka16E0mnjaYzFvSv9LoMnZl6dpvopD7KzDI1%2B6%2F6p9ChakvwUmLt3ZrUyI1c5EaB4vkkdfOy%2BjpBe22%2BTEpchtSHBxm02ikKSRG0buFDohALS9OSMpTQCGPnLpNK%2BRTdTaH5ceZ%2B1iZIwYggMFjCApRkR9kP%2BU2focQIlCjWmhhfSj1hE8uWu4MDmLEs7wqHpTRB7kPv8tYg39fwpfrFYBQMKmLoybcabg2xRz%2BlgC55uJnpEyMUiTIaMtWabXEQz68s0hiGweBRcQMNYkOx5cwOmExdMrudi1Vfzu16bgp7lwQdSfugLKHNN7ydLji9s%2BjCY1%2FK6LSS0R7mR8U3ZAjNVJFueeaGPzkXYTQHXW24m72LrIgFxBoUXOQREXyuWqMynQx6kLPwyp4MB9W8PoG2saFf7vAnjcOVxVpIr%2FF4hSD6JraJS72E1wU3UAC7r13yojOra44oeAnHRHIfZILLOKIiEcHbjjjiZsLqO1MVk3H2Bt7Kmf6MX2nxXRnn5j1RBB%2F5aieycDbKN3pazcpgFEIQBmGDkFi%2BHbzbeqiDoaMC7Jaakhw%2FwdhY4nTuf87yOfsamuDiAr2ZYOlN5y6BuLBVq3oEVExHmbd5LgXk5b4%3D&searchVariation=187796089157#polycard_client=search-desktop&is_advertising=true&searchVariation=187796089157&backend_model=search-backend&search_layout=grid&position=13&type=pad&tracking_id=5195f533-3214-4162-a369-876fd1d21cd7
27/02/2026 10:17,PS5,Sony PlayStation 5 Slim CFI-2015B 1TB Digital cor branco 2023,3799,https://www.mercadolivre.com.br/sony-playstation-5-slim-cfi-2015b-1tb-digital-cor-branco-2023/p/MLB29034307#polycard_client=search-desktop&search_layout=grid&position=6&type=product&tracking_id=de5d087c-5db2-425e-aee0-77254a1d89bf&wid=MLB4480587493&sid=search
27/02/2026 10:17,PS5,Console Mídia Física Com God Of War Ragnarok Playstation 5 Cor Branco (Novo com caixa aberta),3790,https://www.mercadolivre.com.br/console-midia-fisica-com-god-of-war-ragnarok-playstation-5-cor-branco-novo-com-caixa-aberta/p/MLB2022623443#polycard_client=search-desktop&search_layout=grid&position=11&type=product&tracking_id=de5d087c-5db2-425e-aee0-77254a1d89bf&wid=MLB6298243402&sid=search
27/02/2026 10:17,PS5,Console Playstation 5 Slim Edição 1tb Sony Ps5 Digital Cor Branco Com 5 Jogos,3790,https://produto.mercadolivre.com.br/MLB-5857577154-console-playstation-5-slim-edico-1tb-sony-ps5-digital-cor-branco-com-5-jogos-_JM?searchVariation=192303767615#polycard_client=search-desktop&searchVariation=192303767615&search_layout=grid&position=32&type=item&tracking_id=de5d087c-5db2-425e-aee0-77254a1d89bf
27/02/2026 10:17,RTX 4060,Placa De Vídeo Zotac Geforce Twin Edge Rtx 4060 8gb Gddr6,3999,https://www.mercadolivre.com.br/placa-de-video-zotac-geforce-twin-edge-rtx-4060-8gb-gddr6/p/MLB40827289#polycard_client=search-desktop&search_layout=grid&position=35&type=product&tracking_id=78e7c194-ac54-44ec-b704-b8888205ba4c&wid=MLB5422712316&sid=search
27/02/2026 10:17,RTX 4060,Placa De Vídeo Inno3d Nvidia Geforce Rtx 4060 Ti 8gb Gddr6,3766,https://www.mercadolivre.com.br/placa-de-video-inno3d-nvidia-geforce-rtx-4060-ti-8gb-gddr6/p/MLB2065599986#polycard_client=search-desktop&search_layout=grid&position=3&type=product&tracking_id=78e7c194-ac54-44ec-b704-b8888205ba4c&wid=MLB6218745472&sid=search
27/02/2026 10:17,RTX 4060,Placa de vídeo Msi Rtx 4060 Ti Ventus 3x 8gb Gddr6,3699,https://www.mercadolivre.com.br/placa-de-video-msi-rtx-4060-ti-ventus-3x-8gb-gddr6/p/MLB28489150#polycard_client=search-desktop&search_layout=grid&position=16&type=product&tracking_id=78e7c194-ac54-44ec-b704-b8888205ba4c&wid=MLB5732859372&sid=search
27/02/2026 10:17,SSD 1TB,SSD Macrovip 1TB SATA 3 Preto 2.5 Interno para PC e Servidor,769,https://www.mercadolivre.com.br/ssd-macrovip-1tb-sata-3-preto-25-interno-para-pc-e-servidor/p/MLB39939014#polycard_client=search-desktop&search_layout=grid&position=38&type=product&tracking_id=30f6ed8d-4abe-4569-9470-0a60641c7864&wid=MLB5068076636&sid=search
27/02/2026 10:17,SSD 1TB,HD SSD 1TB Interno SATA III Goldenfir para PC e Notebook,799,https://www.mercadolivre.com.br/hd-ssd-1tb-interno-sata-iii-goldenfir-para-pc-e-notebook/p/MLB26794749#polycard_client=search-desktop&search_layout=grid&position=53&type=product&tracking_id=30f6ed8d-4abe-4569-9470-0a60641c7864&wid=MLB5831935220&sid=search
27/02/2026 10:17,SSD 1TB,SSD M.2 2280 Hawking 1TB Leitura 510MB/s Escrita 480MB/s Interno,799,https://www.mercadolivre.com.br/ssd-m2-2280-hawking-1tb-leitura-510mbs-escrita-480mbs-interno/p/MLB34784593#polycard_client=search-desktop&search_layout=grid&position=55&type=product&tracking_id=30f6ed8d-4abe-4569-9470-0a60641c7864&wid=MLB6130831290&sid=search
27/02/2026 10:17,óculos natação,Óculos Natação Uv Profissional Feminino/masculino Cor Preto/prateado,62,https://click1.mercadolivre.com.br/mclics/clicks/external/MLB/count?a=QVLBgTSmmVRDrT6WkoaLWfDak%2BQ7PTd6FnBhKHhvhwdyQEHi1XFZqHuNlVPX8jOrLUeNEJR0kNQiiQS9%2B9nHkhl96j0mL6ZO4aFUANK9pHwJGYFC19UD%2FmeJlUQbPJuY7nr5etcRlo%2FLTG5Mo6akNA9YKCZOaHAfONClel053d87Xn4LtDfxiy1rAS9vV1QA0czSfIMxLHAt2Q2d%2FzVonzbJgDLDK2rWHrE8frZvEiSiraLH39GC4V33U9Gp6SJrFHT%2Fx7jiyZq3rX3Twts0ZtQ1oT9Lea7xb8GXoGkIGoRg8%2BrW08TxZ%2BdmrtPKjsZ9a%2BbQnAQgsBTsao7LHbPD8g7EqA%2B4Bpuh2gRtjlI%2BzU5Fn%2FHwWL70KMEo0SJLkNl5fOILLfbwEE6dKP9EQYkSSBPzAxguS8059xG%2BWq1rze85StXyeFX6e2tW7xjaF1WFUkZ5Wp5bY0nDGSt1CWzejYidEpWaF3rgHU96ImSgS%2BUTFIxqA0mzxaExD1N%2FhXzeLTRcOqiTZkW8i3khspaLq6Rmv83x63VeJUCahUgRq90cKL6srKEzN9rmLfaCSErPqShciBSojOToxd11AQryyP7IK3GPuXTHKYAQkKuW%2BIBa1KFR1XRjZ1uxpVt%2F00%2B0afWj%2F3a0SIuZKmMu%2BOyXn7JhSlJ0xwFINZN8yBSbAzUIrZc86zD1lb6g0C3%2B8%2BmPFQ2ygmZXXkuS5ZvJvRnKhxGtxHGIzlbRadFcvMe9iu%2BQDNSMeWfGofFApBktey9mwYc%2FcvlRMQk75UmQwyExkzNBAMAanEfHpkf7v0rEGFFJx53HR5dE%2BAtuxZeXIxhQh%2BaAyrkQYXmT%2BHOatBkTgl7uht4f6QyWbBXlituLxZ4B6Sh3%2FlM6ghDOJnafAg9MEW1mHmKUo4wqt6bD7tWpfD9dskDI8eYfflm%2BxeR7vgsAZ6QpCxoipqyudJ68TM4QPGxSh72grQ%3D%3D#polycard_client=search-desktop&is_advertising=true&searchVariation=MLB62850350&backend_model=search-backend&search_layout=grid&position=2&type=pad&tracking_id=29546129-33c7-498d-85ff-d99fcdce06f6&wid=MLB6008917754&sid=search
27/02/2026 10:17,óculos natação,Óculos Natação Uv Profissional Feminino/masculino Cor Rosa Prateada,62,https://www.mercadolivre.com.br/oculos-nataco-uv-profissional-femininomasculino-cor-rosa-prateada/p/MLB63169086#polycard_client=search-desktop&search_layout=grid&position=48&type=product&tracking_id=29546129-33c7-498d-85ff-d99fcdce06f6&wid=MLB4365173781&sid=search
27/02/2026 10:17,óculos natação,Óculos Natação Adulto Masculino Feminino Piscina Mergulho,59,https://click1.mercadolivre.com.br/mclics/clicks/external/MLB/count?a=w01N%2BIJozoxh9524F1eUPjkR%2BPfC9CObG86MYHfbWD5rtPbRqcntDwoTMfmot13XHWt0kALqmSbBb5CQ0vcwBct5q7s%2BY0hdIF%2B55D8hOBweUjlrXdR3BA4sbXY9baEexG8w%2BpV2WTWiKw5tP5dLCy%2B8p2ICOBm1H7mHnccEDDKEJwhHoEM5U4g%2FI7u9FnarA579HmiYlktbub1HCTFPaxufAt5VTOlt65JEoSAfSz9CpvPWCDcZV6NF0YYkOuXSXGZRP9HxHI40DoqdcMEWPWrCHm0arnTKilyW9HqgqNpYvyJ7E%2FcaMlMigUuwiCrbGXuN%2FAYOyS62sARH%2FYyNv1no%2Fn0YbmhULoItFBf29P3KbbmaIuPsdH3MXqul8XBTsyNV%2BxwcCTplOOhtkfl6OvwATm6V5GYFXnIJm0t1rCxx%2FdvRetJ45PB%2F6YReEIltTJmUVzV8A7I8aNcwYPkQR2NyKPeQcfE6KawFHvQ2i1uex4KxR4jbaoaAL66x%2Fz90CnYQOPOtkRw44T72Fvc96qNT0f57XisraE7EpoBqv9ScmVAJNb%2F17O8xAJmoaqjNt57KvnIqAk4biH23csrdZddaKop7t4EXtHjVLOdFdc0kvRDJTZhvx3Z3Oq7ut3mnD8xZFveeq2jxxh8YrUE8PgchruwbLl6r7wB4ecB%2BkA7tkUatqRtEvs5ebZ5VCtdUNyEchGPzZbYVzGA3nlnNoZCy6RY67MVcdWX%2FAvynzYog%2F%2FE418nT%2BSSVJbAKykM%2BG%2BaSCXn2JSlTlqjvbmgm3sGm5dpBso%2F%2FelUCuR6Xn2t%2FNuS%2BmBX0S%2Bpb2cfm5PmYV%2FktV02Cqdz%2F%2Fu9ZNNW0HIu7Uz%2F3QsMUF%2BKsBPLKrEtG66jK4AhmqcAkukf6%2F1ehRQfEdcoT35RnBQacPIc5KWptsBg4%2Bgpze1oSzNNVOgHoDQf42U7XsgxR%2F0paQf43JQ%3D%3D&searchVariation=187796089157#polycard_client=search-desktop&is_advertising=true&searchVariation=187796089157&backend_model=search-backend&search_layout=grid&position=13&type=pad&tracking_id=29546129-33c7-498d-85ff-d99fcdce06f6
27/02/2026 10:19,PS5,Sony PlayStation 5 Slim CFI-2015B 1TB Digital cor branco 2023,3799,https://www.mercadolivre.com.br/sony-playstation-5-slim-cfi-2015b-1tb-digital-cor-branco-2023/p/MLB29034307#polycard_client=search-desktop&search_layout=grid&position=5&type=product&tracking_id=10d033cc-936f-4cb8-b03e-8a965dec2f4c&wid=MLB4480587493&sid=search
27/02/2026 10:19,PS5,Console Mídia Física Com God Of War Ragnarok Playstation 5 Cor Branco (Novo com caixa aberta),3790,https://www.mercadolivre.com.br/console-midia-fisica-com-god-of-war-ragnarok-playstation-5-cor-branco-novo-com-caixa-aberta/p/MLB2022623443#polycard_client=search-desktop&search_layout=grid&position=10&type=product&tracking_id=10d033cc-936f-4cb8-b03e-8a965dec2f4c&wid=MLB6298243402&sid=search
27/02/2026 10:19,PS5,Console Playstation 5 Slim Edição 1tb Sony Ps5 Digital Cor Branco Com 5 Jogos,3790,https://produto.mercadolivre.com.br/MLB-5857577154-console-playstation-5-slim-edico-1tb-sony-ps5-digital-cor-branco-com-5-jogos-_JM?searchVariation=192303767615#polycard_client=search-desktop&searchVariation=192303767615&search_layout=grid&position=31&type=item&tracking_id=10d033cc-936f-4cb8-b03e-8a965dec2f4c
27/02/2026 10:19,RTX 4060,Placa De Vídeo Zotac Geforce Twin Edge Rtx 4060 8gb Gddr6,3999,https://www.mercadolivre.com.br/placa-de-video-zotac-geforce-twin-edge-rtx-4060-8gb-gddr6/p/MLB40827289#polycard_client=search-desktop&search_layout=grid&position=35&type=product&tracking_id=979a1f3f-1e48-4e9a-8225-7f5cf9ec373f&wid=MLB5422712316&sid=search
27/02/2026 10:19,RTX 4060,Placa De Vídeo Inno3d Nvidia Geforce Rtx 4060 Ti 8gb Gddr6,3766,https://www.mercadolivre.com.br/placa-de-video-inno3d-nvidia-geforce-rtx-4060-ti-8gb-gddr6/p/MLB2065599986#polycard_client=search-desktop&search_layout=grid&position=3&type=product&tracking_id=979a1f3f-1e48-4e9a-8225-7f5cf9ec373f&wid=MLB6218745472&sid=search
27/02/2026 10:19,RTX 4060,Placa de vídeo Msi Rtx 4060 Ti Ventus 3x 8gb Gddr6,3699,https://www.mercadolivre.com.br/placa-de-video-msi-rtx-4060-ti-ventus-3x-8gb-gddr6/p/MLB28489150#polycard_client=search-desktop&search_layout=grid&position=16&type=product&tracking_id=979a1f3f-1e48-4e9a-8225-7f5cf9ec373f&wid=MLB5732859372&sid=search
27/02/2026 10:24,PS5,Sony PlayStation 5 Slim CFI-2015B 1TB Digital cor branco 2023,3799,https://www.mercadolivre.com.br/sony-playstation-5-slim-cfi-2015b-1tb-digital-cor-branco-2023/p/MLB29034307#polycard_client=search-desktop&search_layout=grid&position=5&type=product&tracking_id=de6600f5-fd11-4093-82a9-215db20a34e5&wid=MLB4480587493&sid=search
27/02/2026 10:24,PS5,Console Mídia Física Com God Of War Ragnarok Playstation 5 Cor Branco (Novo com caixa aberta),3790,https://www.mercadolivre.com.br/console-midia-fisica-com-god-of-war-ragnarok-playstation-5-cor-branco-novo-com-caixa-aberta/p/MLB2022623443#polycard_client=search-desktop&search_layout=grid&position=10&type=product&tracking_id=de6600f5-fd11-4093-82a9-215db20a34e5&wid=MLB6298243402&sid=search
27/02/2026 10:24,PS5,Console Playstation 5 Slim Edição 1tb Sony Ps5 Digital Cor Branco Com 5 Jogos,3790,https://produto.mercadolivre.com.br/MLB-5857577154-console-playstation-5-slim-edico-1tb-sony-ps5-digital-cor-branco-com-5-jogos-_JM?searchVariation=192303767615#polycard_client=search-desktop&searchVariation=192303767615&search_layout=grid&position=31&type=item&tracking_id=de6600f5-fd11-4093-82a9-215db20a34e5
27/02/2026 10:24,RTX 4060,Placa De Vídeo Zotac Geforce Twin Edge Rtx 4060 8gb Gddr6,3999,https://www.mercadolivre.com.br/placa-de-video-zotac-geforce-twin-edge-rtx-4060-8gb-gddr6/p/MLB40827289#polycard_client=search-desktop&search_layout=grid&position=35&type=product&tracking_id=39b417ae-60b9-4b08-9920-ed919b19c47b&wid=MLB5422712316&sid=search
27/02/2026 10:24,RTX 4060,Placa De Vídeo Inno3d Nvidia Geforce Rtx 4060 Ti 8gb Gddr6,3766,https://www.mercadolivre.com.br/placa-de-video-inno3d-nvidia-geforce-rtx-4060-ti-8gb-gddr6/p/MLB2065599986#polycard_client=search-desktop&search_layout=grid&position=3&type=product&tracking_id=39b417ae-60b9-4b08-9920-ed919b19c47b&wid=MLB6218745472&sid=search
27/02/2026 10:24,RTX 4060,Placa de vídeo Msi Rtx 4060 Ti Ventus 3x 8gb Gddr6,3699,https://www.mercadolivre.com.br/placa-de-video-msi-rtx-4060-ti-ventus-3x-8gb-gddr6/p/MLB28489150#polycard_client=search-desktop&search_layout=grid&position=16&type=product&tracking_id=39b417ae-60b9-4b08-9920-ed919b19c47b&wid=MLB5732859372&sid=search
27/02/2026 10:25,PS5,Sony PlayStation 5 Slim CFI-2015B 1TB Digital cor branco 2023,3799,https://www.mercadolivre.com.br/sony-playstation-5-slim-cfi-2015b-1tb-digital-cor-branco-2023/p/MLB29034307#polycard_client=search-desktop&search_layout=grid&position=5&type=product&tracking_id=7e5fa91b-e7d5-4b82-9a1a-a27326f50aa7&wid=MLB4480587493&sid=search
27/02/2026 10:25,PS5,Console Mídia Física Com God Of War Ragnarok Playstation 5 Cor Branco (Novo com caixa aberta),3790,https://www.mercadolivre.com.br/console-midia-fisica-com-god-of-war-ragnarok-playstation-5-cor-branco-novo-com-caixa-aberta/p/MLB2022623443#polycard_client=search-desktop&search_layout=grid&position=10&type=product&tracking_id=7e5fa91b-e7d5-4b82-9a1a-a27326f50aa7&wid=MLB6298243402&sid=search
27/02/2026 10:25,PS5,Console Playstation 5 Slim Edição 1tb Sony Ps5 Digital Cor Branco Com 5 Jogos,3790,https://produto.mercadolivre.com.br/MLB-5857577154-console-playstation-5-slim-edico-1tb-sony-ps5-digital-cor-branco-com-5-jogos-_JM?searchVariation=192303767615#polycard_client=search-desktop&searchVariation=192303767615&search_layout=grid&position=31&type=item&tracking_id=7e5fa91b-e7d5-4b82-9a1a-a27326f50aa7
27/02/2026 10:25,RTX 4060,Placa De Vídeo Zotac Geforce Twin Edge Rtx 4060 8gb Gddr6,3999,https://www.mercadolivre.com.br/placa-de-video-zotac-geforce-twin-edge-rtx-4060-8gb-gddr6/p/MLB40827289#polycard_client=search-desktop&search_layout=grid&position=35&type=product&tracking_id=be770d07-e366-4bd3-9ef3-85525cd7bfa7&wid=MLB5422712316&sid=search
27/02/2026 10:25,RTX 4060,Placa De Vídeo Inno3d Nvidia Geforce Rtx 4060 Ti 8gb Gddr6,3766,https://www.mercadolivre.com.br/placa-de-video-inno3d-nvidia-geforce-rtx-4060-ti-8gb-gddr6/p/MLB2065599986#polycard_client=search-desktop&search_layout=grid&position=3&type=product&tracking_id=be770d07-e366-4bd3-9ef3-85525cd7bfa7&wid=MLB6218745472&sid=search
27/02/2026 10:25,RTX 4060,Placa de vídeo Msi Rtx 4060 Ti Ventus 3x 8gb Gddr6,3699,https://www.mercadolivre.com.br/placa-de-video-msi-rtx-4060-ti-ventus-3x-8gb-gddr6/p/MLB28489150#polycard_client=search-desktop&search_layout=grid&position=16&type=product&tracking_id=be770d07-e366-4bd3-9ef3-85525cd7bfa7&wid=MLB5732859372&sid=search
27/02/2026 10:27,PS5,Sony PlayStation 5 Slim CFI-2015B 1TB Digital cor branco 2023,3799,https://www.mercadolivre.com.br/sony-playstation-5-slim-cfi-2015b-1tb-digital-cor-branco-2023/p/MLB29034307#polycard_client=search-desktop&search_layout=grid&position=5&type=product&tracking_id=fedb3d33-2e71-48c2-98ca-0628c80d2cdc&wid=MLB4480587493&sid=search
27/02/2026 10:27,PS5,Console Mídia Física Com God Of War Ragnarok Playstation 5 Cor Branco (Novo com caixa aberta),3790,https://www.mercadolivre.com.br/console-midia-fisica-com-god-of-war-ragnarok-playstation-5-cor-branco-novo-com-caixa-aberta/p/MLB2022623443#polycard_client=search-desktop&search_layout=grid&position=10&type=product&tracking_id=fedb3d33-2e71-48c2-98ca-0628c80d2cdc&wid=MLB6298243402&sid=search
27/02/2026 10:27,PS5,Console Playstation 5 Slim Edição 1tb Sony Ps5 Digital Cor Branco Com 5 Jogos,3790,https://produto.mercadolivre.com.br/MLB-5857577154-console-playstation-5-slim-edico-1tb-sony-ps5-digital-cor-branco-com-5-jogos-_JM?searchVariation=192303767615#polycard_client=search-desktop&searchVariation=192303767615&search_layout=grid&position=31&type=item&tracking_id=fedb3d33-2e71-48c2-98ca-0628c80d2cdc
27/02/2026 10:27,RTX 4060,Placa De Vídeo Zotac Geforce Twin Edge Rtx 4060 8gb Gddr6,3999,https://www.mercadolivre.com.br/placa-de-video-zotac-geforce-twin-edge-rtx-4060-8gb-gddr6/p/MLB40827289#polycard_client=search-desktop&search_layout=grid&position=35&type=product&tracking_id=d66921fe-de2e-4f5a-b542-c88fe6228a0b&wid=MLB5422712316&sid=search
27/02/2026 10:27,RTX 4060,Placa De Vídeo Inno3d Nvidia Geforce Rtx 4060 Ti 8gb Gddr6,3766,https://www.mercadolivre.com.br/placa-de-video-inno3d-nvidia-geforce-rtx-4060-ti-8gb-gddr6/p/MLB2065599986#polycard_client=search-desktop&search_layout=grid&position=3&type=product&tracking_id=d66921fe-de2e-4f5a-b542-c88fe6228a0b&wid=MLB6218745472&sid=search
27/02/2026 10:27,RTX 4060,Placa de vídeo Msi Rtx 4060 Ti Ventus 3x 8gb Gddr6,3699,https://www.mercadolivre.com.br/placa-de-video-msi-rtx-4060-ti-ventus-3x-8gb-gddr6/p/MLB28489150#polycard_client=search-desktop&search_layout=grid&position=16&type=product&tracking_id=d66921fe-de2e-4f5a-b542-c88fe6228a0b&wid=MLB5732859372&sid=search
27/02/2026 10:28,PS5,Sony PlayStation 5 Slim CFI-2015B 1TB Digital cor branco 2023,3799,https://www.mercadolivre.com.br/sony-playstation-5-slim-cfi-2015b-1tb-digital-cor-branco-2023/p/MLB29034307#polycard_client=search-desktop&search_layout=grid&position=5&type=product&tracking_id=9e3a074b-e5a0-444e-9c48-9072a62be210&wid=MLB4480587493&sid=search
27/02/2026 10:28,PS5,Console Mídia Física Com God Of War Ragnarok Playstation 5 Cor Branco (Novo com caixa aberta),3790,https://www.mercadolivre.com.br/console-midia-fisica-com-god-of-war-ragnarok-playstation-5-cor-branco-novo-com-caixa-aberta/p/MLB2022623443#polycard_client=search-desktop&search_layout=grid&position=10&type=product&tracking_id=9e3a074b-e5a0-444e-9c48-9072a62be210&wid=MLB6298243402&sid=search
27/02/2026 10:28,PS5,Console Playstation 5 Slim Edição 1tb Sony Ps5 Digital Cor Branco Com 5 Jogos,3790,https://produto.mercadolivre.com.br/MLB-5857577154-console-playstation-5-slim-edico-1tb-sony-ps5-digital-cor-branco-com-5-jogos-_JM?searchVariation=192303767615#polycard_client=search-desktop&searchVariation=192303767615&search_layout=grid&position=31&type=item&tracking_id=9e3a074b-e5a0-444e-9c48-9072a62be210
27/02/2026 10:28,RTX 4060,Placa De Vídeo Zotac Geforce Twin Edge Rtx 4060 8gb Gddr6,3999,https://www.mercadolivre.com.br/placa-de-video-zotac-geforce-twin-edge-rtx-4060-8gb-gddr6/p/MLB40827289#polycard_client=search-desktop&search_layout=grid&position=35&type=product&tracking_id=486cd995-9440-4f9a-8cc8-5d56dcaf94dc&wid=MLB5422712316&sid=search
27/02/2026 10:28,RTX 4060,Placa De Vídeo Inno3d Nvidia Geforce Rtx 4060 Ti 8gb Gddr6,3766,https://www.mercadolivre.com.br/placa-de-video-inno3d-nvidia-geforce-rtx-4060-ti-8gb-gddr6/p/MLB2065599986#polycard_client=search-desktop&search_layout=grid&position=3&type=product&tracking_id=486cd995-9440-4f9a-8cc8-5d56dcaf94dc&wid=MLB6218745472&sid=search
27/02/2026 10:28,RTX 4060,Placa de vídeo Msi Rtx 4060 Ti Ventus 3x 8gb Gddr6,3699,https://www.mercadolivre.com.br/placa-de-video-msi-rtx-4060-ti-ventus-3x-8gb-gddr6/p/MLB28489150#polycard_client=search-desktop&search_layout=grid&position=16&type=product&tracking_id=486cd995-9440-4f9a-8cc8-5d56dcaf94dc&wid=MLB5732859372&sid=search
27/02/2026 10:32,PS5,Sony PlayStation 5 Slim CFI-2015B 1TB Digital cor branco 2023,3799,https://www.mercadolivre.com.br/sony-playstation-5-slim-cfi-2015b-1tb-digital-cor-branco-2023/p/MLB29034307#polycard_client=search-desktop&search_layout=grid&position=5&type=product&tracking_id=e0bbcd75-f21a-45eb-bb37-57ec76565c92&wid=MLB4480587493&sid=search
27/02/2026 10:32,PS5,Console Mídia Física Com God Of War Ragnarok Playstation 5 Cor Branco (Novo com caixa aberta),3790,https://www.mercadolivre.com.br/console-midia-fisica-com-god-of-war-ragnarok-playstation-5-cor-branco-novo-com-caixa-aberta/p/MLB2022623443#polycard_client=search-desktop&search_layout=grid&position=9&type=product&tracking_id=e0bbcd75-f21a-45eb-bb37-57ec76565c92&wid=MLB6298243402&sid=search
27/02/2026 10:32,PS5,Console Playstation 5 Slim Edição 1tb Sony Ps5 Digital Cor Branco Com 5 Jogos,3790,https://produto.mercadolivre.com.br/MLB-5857577154-console-playstation-5-slim-edico-1tb-sony-ps5-digital-cor-branco-com-5-jogos-_JM?searchVariation=192303767615#polycard_client=search-desktop&searchVariation=192303767615&search_layout=grid&position=31&type=item&tracking_id=e0bbcd75-f21a-45eb-bb37-57ec76565c92
27/02/2026 10:32,RTX 4060,Placa De Vídeo Zotac Geforce Twin Edge Rtx 4060 8gb Gddr6,3999,https://www.mercadolivre.com.br/placa-de-video-zotac-geforce-twin-edge-rtx-4060-8gb-gddr6/p/MLB40827289#polycard_client=search-desktop&search_layout=grid&position=35&type=product&tracking_id=3bab7ec9-43d3-4b8a-8bec-765d02d6400e&wid=MLB5422712316&sid=search
27/02/2026 10:32,RTX 4060,Placa De Vídeo Inno3d Nvidia Geforce Rtx 4060 Ti 8gb Gddr6,3766,https://www.mercadolivre.com.br/placa-de-video-inno3d-nvidia-geforce-rtx-4060-ti-8gb-gddr6/p/MLB2065599986#polycard_client=search-desktop&search_layout=grid&position=3&type=product&tracking_id=3bab7ec9-43d3-4b8a-8bec-765d02d6400e&wid=MLB6218745472&sid=search
27/02/2026 10:32,RTX 4060,Placa de vídeo Msi Rtx 4060 Ti Ventus 3x 8gb Gddr6,3699,https://www.mercadolivre.com.br/placa-de-video-msi-rtx-4060-ti-ventus-3x-8gb-gddr6/p/MLB28489150#polycard_client=search-desktop&search_layout=grid&position=16&type=product&tracking_id=3bab7ec9-43d3-4b8a-8bec-765d02d6400e&wid=MLB5732859372&sid=search
27/02/2026 10:34,PS5,Sony PlayStation 5 Slim CFI-2015B 1TB Digital cor branco 2023,3799,https://www.mercadolivre.com.br/sony-playstation-5-slim-cfi-2015b-1tb-digital-cor-branco-2023/p/MLB29034307#polycard_client=search-desktop&search_layout=grid&position=5&type=product&tracking_id=a2dfad7a-2aae-4b78-89b2-56667b7a0790&wid=MLB4480587493&sid=search
27/02/2026 10:34,PS5,Console Mídia Física Com God Of War Ragnarok Playstation 5 Cor Branco (Novo com caixa aberta),3790,https://www.mercadolivre.com.br/console-midia-fisica-com-god-of-war-ragnarok-playstation-5-cor-branco-novo-com-caixa-aberta/p/MLB2022623443#polycard_client=search-desktop&search_layout=grid&position=10&type=product&tracking_id=a2dfad7a-2aae-4b78-89b2-56667b7a0790&wid=MLB6298243402&sid=search
27/02/2026 10:34,PS5,Console Playstation 5 Slim Edição 1tb Sony Ps5 Digital Cor Branco Com 5 Jogos,3790,https://produto.mercadolivre.com.br/MLB-5857577154-console-playstation-5-slim-edico-1tb-sony-ps5-digital-cor-branco-com-5-jogos-_JM?searchVariation=192303767615#polycard_client=search-desktop&searchVariation=192303767615&search_layout=grid&position=31&type=item&tracking_id=a2dfad7a-2aae-4b78-89b2-56667b7a0790
27/02/2026 10:34,RTX 4060,Placa De Vídeo Zotac Geforce Twin Edge Rtx 4060 8gb Gddr6,3999,https://www.mercadolivre.com.br/placa-de-video-zotac-geforce-twin-edge-rtx-4060-8gb-gddr6/p/MLB40827289#polycard_client=search-desktop&search_layout=grid&position=35&type=product&tracking_id=d288faee-9ed0-497c-8a57-3cc2e7e91d79&wid=MLB5422712316&sid=search
27/02/2026 10:34,RTX 4060,Placa De Vídeo Inno3d Nvidia Geforce Rtx 4060 Ti 8gb Gddr6,3766,https://www.mercadolivre.com.br/placa-de-video-inno3d-nvidia-geforce-rtx-4060-ti-8gb-gddr6/p/MLB2065599986#polycard_client=search-desktop&search_layout=grid&position=3&type=product&tracking_id=d288faee-9ed0-497c-8a57-3cc2e7e91d79&wid=MLB6218745472&sid=search
27/02/2026 10:34,RTX 4060,Placa de vídeo Msi Rtx 4060 Ti Ventus 3x 8gb Gddr6,3699,https://www.mercadolivre.com.br/placa-de-video-msi-rtx-4060-ti-ventus-3x-8gb-gddr6/p/MLB28489150#polycard_client=search-desktop&search_layout=grid&position=16&type=product&tracking_id=d288faee-9ed0-497c-8a57-3cc2e7e91d79&wid=MLB5732859372&sid=search
27/02/2026 10:36,PS5,Sony PlayStation 5 Slim CFI-2015B 1TB Digital cor branco 2023,3799,https://www.mercadolivre.com.br/sony-playstation-5-slim-cfi-2015b-1tb-digital-cor-branco-2023/p/MLB29034307#polycard_client=search-desktop&search_layout=grid&position=5&type=product&tracking_id=6e89f882-5141-4a2f-bdb7-54d7daf76af2&wid=MLB4480587493&sid=search
27/02/2026 10:36,PS5,Console Mídia Física Com God Of War Ragnarok Playstation 5 Cor Branco (Novo com caixa aberta),3790,https://www.mercadolivre.com.br/console-midia-fisica-com-god-of-war-ragnarok-playstation-5-cor-branco-novo-com-caixa-aberta/p/MLB2022623443#polycard_client=search-desktop&search_layout=grid&position=9&type=product&tracking_id=6e89f882-5141-4a2f-bdb7-54d7daf76af2&wid=MLB6298243402&sid=search
27/02/2026 10:36,PS5,Console Playstation 5 Slim Edição 1tb Sony Ps5 Digital Cor Branco Com 5 Jogos,3790,https://produto.mercadolivre.com.br/MLB-5857577154-console-playstation-5-slim-edico-1tb-sony-ps5-digital-cor-branco-com-5-jogos-_JM?searchVariation=192303767615#polycard_client=search-desktop&searchVariation=192303767615&search_layout=grid&position=32&type=item&tracking_id=6e89f882-5141-4a2f-bdb7-54d7daf76af2
27/02/2026 10:36,RTX 4060,Placa De Vídeo Zotac Geforce Twin Edge Rtx 4060 8gb Gddr6,3999,https://www.mercadolivre.com.br/placa-de-video-zotac-geforce-twin-edge-rtx-4060-8gb-gddr6/p/MLB40827289#polycard_client=search-desktop&search_layout=grid&position=35&type=product&tracking_id=589fe4f2-9362-4652-84e1-1c4c0ba22bd7&wid=MLB5422712316&sid=search
27/02/2026 10:36,RTX 4060,Placa De Vídeo Inno3d Nvidia Geforce Rtx 4060 Ti 8gb Gddr6,3766,https://www.mercadolivre.com.br/placa-de-video-inno3d-nvidia-geforce-rtx-4060-ti-8gb-gddr6/p/MLB2065599986#polycard_client=search-desktop&search_layout=grid&position=3&type=product&tracking_id=589fe4f2-9362-4652-84e1-1c4c0ba22bd7&wid=MLB6218745472&sid=search
27/02/2026 10:36,RTX 4060,Placa de vídeo Msi Rtx 4060 Ti Ventus 3x 8gb Gddr6,3699,https://www.mercadolivre.com.br/placa-de-video-msi-rtx-4060-ti-ventus-3x-8gb-gddr6/p/MLB28489150#polycard_client=search-desktop&search_layout=grid&position=16&type=product&tracking_id=589fe4f2-9362-4652-84e1-1c4c0ba22bd7&wid=MLB5732859372&sid=search
27/02/2026 10:37,PS5,Sony PlayStation 5 Slim CFI-2015B 1TB Digital cor branco 2023,3799,https://www.mercadolivre.com.br/sony-playstation-5-slim-cfi-2015b-1tb-digital-cor-branco-2023/p/MLB29034307#polycard_client=search-desktop&search_layout=grid&position=6&type=product&tracking_id=ea6deb5c-2c59-4966-96a8-37b6b98b96a3&wid=MLB4480587493&sid=search
27/02/2026 10:37,PS5,Console Mídia Física Com God Of War Ragnarok Playstation 5 Cor Branco (Novo com caixa aberta),3790,https://www.mercadolivre.com.br/console-midia-fisica-com-god-of-war-ragnarok-playstation-5-cor-branco-novo-com-caixa-aberta/p/MLB2022623443#polycard_client=search-desktop&search_layout=grid&position=11&type=product&tracking_id=ea6deb5c-2c59-4966-96a8-37b6b98b96a3&wid=MLB6298243402&sid=search
27/02/2026 10:37,PS5,Console Playstation 5 Slim Edição 1tb Sony Ps5 Digital Cor Branco Com 5 Jogos,3790,https://produto.mercadolivre.com.br/MLB-5857577154-console-playstation-5-slim-edico-1tb-sony-ps5-digital-cor-branco-com-5-jogos-_JM?searchVariation=192303767615#polycard_client=search-desktop&searchVariation=192303767615&search_layout=grid&position=32&type=item&tracking_id=ea6deb5c-2c59-4966-96a8-37b6b98b96a3
27/02/2026 10:37,RTX 4060,Placa De Vídeo Zotac Geforce Twin Edge Rtx 4060 8gb Gddr6,3999,https://www.mercadolivre.com.br/placa-de-video-zotac-geforce-twin-edge-rtx-4060-8gb-gddr6/p/MLB40827289#polycard_client=search-desktop&search_layout=grid&position=35&type=product&tracking_id=4c2863ca-dd8f-42b8-9295-b7f252e0a813&wid=MLB5422712316&sid=search
27/02/2026 10:37,RTX 4060,Placa De Vídeo Inno3d Nvidia Geforce Rtx 4060 Ti 8gb Gddr6,3766,https://www.mercadolivre.com.br/placa-de-video-inno3d-nvidia-geforce-rtx-4060-ti-8gb-gddr6/p/MLB2065599986#polycard_client=search-desktop&search_layout=grid&position=3&type=product&tracking_id=4c2863ca-dd8f-42b8-9295-b7f252e0a813&wid=MLB6218745472&sid=search
27/02/2026 10:37,RTX 4060,Placa de vídeo Msi Rtx 4060 Ti Ventus 3x 8gb Gddr6,3699,https://www.mercadolivre.com.br/placa-de-video-msi-rtx-4060-ti-ventus-3x-8gb-gddr6/p/MLB28489150#polycard_client=search-desktop&search_layout=grid&position=16&type=product&tracking_id=4c2863ca-dd8f-42b8-9295-b7f252e0a813&wid=MLB5732859372&sid=search
27/02/2026 10:39,PS5,Sony PlayStation 5 Slim CFI-2015B 1TB Digital cor branco 2023,3799,https://www.mercadolivre.com.br/sony-playstation-5-slim-cfi-2015b-1tb-digital-cor-branco-2023/p/MLB29034307#polycard_client=search-desktop&search_layout=grid&position=5&type=product&tracking_id=27517747-5c10-4b41-9531-c4c05d84a004&wid=MLB4480587493&sid=search
27/02/2026 10:39,PS5,Console Mídia Física Com God Of War Ragnarok Playstation 5 Cor Branco (Novo com caixa aberta),3790,https://www.mercadolivre.com.br/console-midia-fisica-com-god-of-war-ragnarok-playstation-5-cor-branco-novo-com-caixa-aberta/p/MLB2022623443#polycard_client=search-desktop&search_layout=grid&position=9&type=product&tracking_id=27517747-5c10-4b41-9531-c4c05d84a004&wid=MLB6298243402&sid=search
27/02/2026 10:39,PS5,Console Playstation 5 Slim Edição 1tb Sony Ps5 Digital Cor Branco Com 5 Jogos,3790,https://produto.mercadolivre.com.br/MLB-5857577154-console-playstation-5-slim-edico-1tb-sony-ps5-digital-cor-branco-com-5-jogos-_JM?searchVariation=192303767615#polycard_client=search-desktop&searchVariation=192303767615&search_layout=grid&position=32&type=item&tracking_id=27517747-5c10-4b41-9531-c4c05d84a004
27/02/2026 10:39,RTX 4060,Placa De Vídeo Zotac Geforce Twin Edge Rtx 4060 8gb Gddr6,3999,https://www.mercadolivre.com.br/placa-de-video-zotac-geforce-twin-edge-rtx-4060-8gb-gddr6/p/MLB40827289#polycard_client=search-desktop&search_layout=grid&position=35&type=product&tracking_id=64a88732-c3f6-46ae-833c-55b639906ea5&wid=MLB5422712316&sid=search
27/02/2026 10:39,RTX 4060,Placa De Vídeo Inno3d Nvidia Geforce Rtx 4060 Ti 8gb Gddr6,3766,https://www.mercadolivre.com.br/placa-de-video-inno3d-nvidia-geforce-rtx-4060-ti-8gb-gddr6/p/MLB2065599986#polycard_client=search-desktop&search_layout=grid&position=3&type=product&tracking_id=64a88732-c3f6-46ae-833c-55b639906ea5&wid=MLB6218745472&sid=search
27/02/2026 10:39,RTX 4060,Placa de vídeo Msi Rtx 4060 Ti Ventus 3x 8gb Gddr6,3699,https://www.mercadolivre.com.br/placa-de-video-msi-rtx-4060-ti-ventus-3x-8gb-gddr6/p/MLB28489150#polycard_client=search-desktop&search_layout=grid&position=16&type=product&tracking_id=64a88732-c3f6-46ae-833c-55b639906ea5&wid=MLB5732859372&sid=search
27/02/2026 10:40,PS5,Sony PlayStation 5 Slim CFI-2015B 1TB Digital cor branco 2023,3799,https://www.mercadolivre.com.br/sony-playstation-5-slim-cfi-2015b-1tb-digital-cor-branco-2023/p/MLB29034307#polycard_client=search-desktop&search_layout=grid&position=5&type=product&tracking_id=82beb8ba-0b89-40d3-a565-031f6fdcd9c3&wid=MLB4480587493&sid=search
27/02/2026 10:40,PS5,Console Mídia Física Com God Of War Ragnarok Playstation 5 Cor Branco (Novo com caixa aberta),3790,https://www.mercadolivre.com.br/console-midia-fisica-com-god-of-war-ragnarok-playstation-5-cor-branco-novo-com-caixa-aberta/p/MLB2022623443#polycard_client=search-desktop&search_layout=grid&position=9&type=product&tracking_id=82beb8ba-0b89-40d3-a565-031f6fdcd9c3&wid=MLB6298243402&sid=search
27/02/2026 10:40,PS5,Console Playstation 5 Slim Edição 1tb Sony Ps5 Digital Cor Branco Com 5 Jogos,3790,https://produto.mercadolivre.com.br/MLB-5857577154-console-playstation-5-slim-edico-1tb-sony-ps5-digital-cor-branco-com-5-jogos-_JM?searchVariation=192303767615#polycard_client=search-desktop&searchVariation=192303767615&search_layout=grid&position=32&type=item&tracking_id=82beb8ba-0b89-40d3-a565-031f6fdcd9c3
27/02/2026 10:40,RTX 4060,Placa De Vídeo Zotac Geforce Twin Edge Rtx 4060 8gb Gddr6,3999,https://www.mercadolivre.com.br/placa-de-video-zotac-geforce-twin-edge-rtx-4060-8gb-gddr6/p/MLB40827289#polycard_client=search-desktop&search_layout=grid&position=35&type=product&tracking_id=4dc0340a-0d24-4cfe-80d9-08339631e004&wid=MLB5422712316&sid=search
27/02/2026 10:40,RTX 4060,Placa De Vídeo Inno3d Nvidia Geforce Rtx 4060 Ti 8gb Gddr6,3766,https://www.mercadolivre.com.br/placa-de-video-inno3d-nvidia-geforce-rtx-4060-ti-8gb-gddr6/p/MLB2065599986#polycard_client=search-desktop&search_layout=grid&position=3&type=product&tracking_id=4dc0340a-0d24-4cfe-80d9-08339631e004&wid=MLB6218745472&sid=search
27/02/2026 10:40,RTX 4060,Placa de vídeo Msi Rtx 4060 Ti Ventus 3x 8gb Gddr6,3699,https://www.mercadolivre.com.br/placa-de-video-msi-rtx-4060-ti-ventus-3x-8gb-gddr6/p/MLB28489150#polycard_client=search-desktop&search_layout=grid&position=16&type=product&tracking_id=4dc0340a-0d24-4cfe-80d9-08339631e004&wid=MLB5732859372&sid=search
